id,topic,essay,q1,q2,q3
1001,Compare and contrast the importance of self-reliance and adaptability in healthcare.,"Self-reliance and adaptability are both crucial qualities in healthcare. Self-reliance allows healthcare professionals to make independent decisions and take responsibility for their actions, leading to efficient and effective patient care. On the other hand, adaptability is essential for healthcare workers to respond to changing circumstances, such as new medical advancements or unexpected emergencies. While self-reliance empowers individuals to act confidently, adaptability enables them to thrive in a dynamic and evolving healthcare environment. Both qualities complement each other, ensuring healthcare professionals can provide the best possible care while navigating the complexities of the healthcare industry.",7.0,7.0,"I would rate this essay a 7.5. It is relevant to the topic and effectively compares and contrasts the importance of self-reliance and adaptability in healthcare. The essay is well-organized, coherent, and demonstrates a good understanding of the subject matter. The grammar is mostly correct and the content is deep enough to provide a comprehensive analysis of the two qualities in relation to healthcare."
1002,Evaluate the effectiveness of management consulting in addressing conflicts within marketing.,"Management consulting plays a crucial role in addressing conflicts within marketing by providing objective insights and strategic solutions. Consultants bring a fresh perspective to identify underlying issues, develop effective strategies, and facilitate communication between conflicting parties. Their expertise in problem-solving and change management helps organizations navigate complex marketing challenges efficiently. By conducting in-depth analysis, offering tailored recommendations, and implementing best practices, management consulting enhances decision-making processes and fosters collaboration within marketing teams. Overall, the effectiveness of management consulting lies in its ability to streamline operations, improve communication, and drive sustainable growth in the face of conflicts within marketing departments.","The essay effectively addresses the topic by explaining how management consulting can be effective in resolving conflicts within marketing. It highlights key aspects such as objective insights, strategic solutions, problem-solving, change management, facilitating communication, and implementing best practices. The essay is coherent, well-organized, and stays relevant to the topic throughout. However, it lacks specific examples or case studies which could have provided more depth to support its claims. The grammar and structure are strong. Overall, the content is covered adequately but could be enhanced with more detailed elaboration.

Score: 7.0",7.5,"I would rate this essay a 7.5. It effectively evaluates the effectiveness of management consulting in addressing conflicts within marketing by highlighting key points such as objective insights, strategic solutions, fresh perspective, problem-solving, change management, collaboration, and sustainable growth. The essay is coherent, well-organized, and demonstrates a good level of depth in content. There are no significant grammar errors, and the overall quality is above average."
1003,Discuss the role of self-reliance in achieving success in software engineering.,"Self-reliance plays a crucial role in achieving success in software engineering. This field requires individuals to take initiative, problem-solve independently, and continuously learn and adapt to new technologies. Software engineers who are self-reliant are better equipped to handle challenges, work efficiently, and deliver high-quality solutions. By relying on their own skills and knowledge, they can innovate, take risks, and push boundaries in their work. Self-reliance fosters confidence, resilience, and a strong work ethic, which are essential qualities for success in the ever-evolving field of software engineering. Ultimately, being self-reliant empowers software engineers to overcome obstacles and achieve their",7.5,7.0,"Score: 7.5

Feedback: 
- The essay addresses the topic of the role of self-reliance in achieving success in software engineering.
- The essay is coherent and well-organized, with a clear introduction, body, and conclusion.
- The grammar and language use are mostly correct, although there are some minor issues.
- The content is insightful and provides a good depth of discussion on how self-reliance impacts success in software engineering. 

Overall, the essay is of good quality and effectively discusses the topic."
1004,Analyze the impact of technological innovation on the evolution of architectural design.,"Technological innovation has had a profound impact on the evolution of architectural design. From the use of computer-aided design software to advanced building materials, technology has revolutionized the way architects conceptualize and create structures. This has led to more complex and innovative designs that were previously unimaginable. Additionally, advancements in sustainability and energy efficiency have become key considerations in architectural projects, shaping the way buildings are designed and constructed. Overall, technological innovation has not only enhanced the aesthetic appeal of architectural design but also improved functionality and sustainability in the built environment.",7.0,6.5,"I would rate this essay a 7.5. It effectively addresses the impact of technological innovation on architectural design with coherent and well-organized points. The essay demonstrates a clear understanding of the topic, and the content is concise yet informative. The grammar is also solid, with appropriate use of language throughout. However, a bit more depth and specific examples could further enhance the quality of the essay."
1005,Analyze the influence of social media on interpersonal communication in modern society.,"Social media has significantly impacted interpersonal communication in modern society. With the rise of platforms like Facebook, Instagram, and Twitter, people now have new ways to connect and interact with others. However, social media also presents challenges, such as the potential for misunderstandings due to lack of nonverbal cues and the tendency for communication to be more superficial. Despite these drawbacks, social media has expanded the reach of communication, allowing people to connect across distances and share their thoughts and experiences with a wider audience. Overall, social media has both positive and negative effects on interpersonal communication in today's society.",7.0,6.5,"I would rate this essay a 7.0. The essay addresses the topic by discussing the influence of social media on interpersonal communication, mentioning both positive and negative aspects. It maintains coherence and organization throughout, discussing the impact of social media on communication effectively. The grammar is clear, and the content is informative, although it could benefit from more depth and specific examples to support the points made."
1006,Assess the role of sustainable practices in revolutionizing the fashion industry.,"The fashion industry is undergoing a significant transformation with the integration of sustainable practices. Sustainability in fashion involves reducing the environmental impact of production processes, promoting ethical labor practices, and creating products that are durable and eco-friendly. By embracing sustainability, the fashion industry can revolutionize its approach to design, production, and consumption. Consumers are increasingly demanding transparency and accountability from brands, driving the shift towards sustainable practices. Through innovations in materials, supply chain management, and circular economy models, the fashion industry has the potential to become a force for positive change in promoting environmental and social responsibility.",8.0,8.0,"I would rate this essay a 7.5. The essay effectively discusses the topic of sustainable practices in revolutionizing the fashion industry. It provides a clear overview of how sustainability can impact the industry, mentioning key aspects such as environmental impact, ethical labor practices, and consumer demand for transparency. The essay is coherent, organized, and demonstrates a good understanding of the topic. It could be improved by providing more specific examples or case studies to strengthen the points made. Overall, it is a well-written and relevant essay on the role of sustainable practices in the fashion industry."
1007,Explore the implications of space travel advancements on future human settlement possibilities.,"Space travel advancements have the potential to revolutionize human settlement possibilities in the future. With technology progressing rapidly, the idea of establishing colonies on other planets or even building space habitats becomes more feasible. This could offer solutions to overpopulation on Earth, provide opportunities for scientific research, and open up new frontiers for human exploration. However, challenges such as long-term sustainability, resource management, and the psychological effects of living in space must be addressed. Overall, the implications of space travel advancements on future human settlement possibilities are vast and exciting, offering a glimpse into a future where humanity expands beyond the confines of Earth.",7.0,6.5,8.5
1008,Examine the impact of climate change on global agricultural practices and food security.,"Climate change has had a significant impact on global agricultural practices and food security. Rising temperatures, changing precipitation patterns, and extreme weather events have led to decreased crop yields, reduced arable land, and increased pest and disease prevalence. Smallholder farmers, particularly in developing countries, are disproportionately affected, facing challenges in adapting to these changing conditions. Food security is threatened as production becomes less reliable and prices become more volatile. Sustainable agricultural practices, improved water management, and resilient crop varieties are crucial in mitigating the impacts of climate change on agriculture and ensuring food security for the growing global population.",8.0,7.5,"I would rate the essay a 8.5. The essay is highly relevant to the topic of examining the impact of climate change on global agricultural practices and food security. It effectively discusses the key points such as rising temperatures, changing precipitation patterns, and the challenges faced by smallholder farmers. The essay is well-organized, coherent, and maintains a good flow of ideas. The grammar is sound, and the content has depth in addressing the impacts of climate change on agriculture and the importance of sustainable practices."
1009,Discuss the significance of emotional intelligence in enhancing leadership skills in the corporate world.,"Emotional intelligence plays a crucial role in enhancing leadership skills in the corporate world. Leaders with high emotional intelligence are better equipped to understand and manage their own emotions, as well as those of their team members. This enables them to build strong relationships, resolve conflicts effectively, and inspire others to achieve common goals. Emotionally intelligent leaders are more empathetic, adaptable, and resilient, which allows them to navigate complex business challenges with grace and composure. Ultimately, emotional intelligence fosters a positive work environment, improves communication, and drives organizational success by fostering trust and collaboration among team members.",8.0,8.0,"I would rate this essay a 8.5. It is well-written, addresses the topic clearly, and provides relevant examples to support the argument. The essay demonstrates a strong understanding of emotional intelligence and its impact on leadership skills in the corporate world. The language used is clear and coherent, and the essay is well-organized with a logical flow of ideas. Overall, the depth of content is impressive, making a compelling case for the significance of emotional intelligence in enhancing leadership skills."
1010,Interrogate the effects of virtual reality advancements on the modern education system.,"Virtual reality advancements have revolutionized the modern education system by providing immersive and interactive learning experiences. Students can now explore historical events, conduct science experiments, and even visit distant places all within a virtual environment. This technology enhances student engagement, improves retention of information, and allows for personalized learning experiences. However, there are concerns about the potential negative effects of excessive screen time and the lack of real-world social interactions. It is crucial for educators to balance the benefits of virtual reality with the importance of traditional teaching methods to ensure a well-rounded education for students in the digital age.",7.5,7.0,"I would rate this essay a 7.5. It effectively addresses the topic by discussing the effects of virtual reality advancements on the modern education system, highlighting both the benefits and concerns. The essay is coherent and well-organized, with clear introduction, body, and conclusion. The grammar is sound, and the content is informative and relevant. However, to improve the depth of content, the essay could provide more specific examples or evidence to support its points."
1011,Evaluate the influence of artificial intelligence on decision-making processes in financial institutions.,"Artificial intelligence has revolutionized decision-making processes in financial institutions by providing advanced data analysis and predictive capabilities. With AI algorithms, financial institutions can quickly sift through vast amounts of data to identify patterns, trends, and risks, leading to more informed and efficient decision-making. AI also enables real-time monitoring and automated decision-making, reducing human biases and errors. However, the increasing reliance on AI in financial decision-making raises concerns about algorithmic biases, data privacy, and regulatory challenges. Overall, the influence of artificial intelligence on decision-making processes in financial institutions is undeniable, offering both opportunities and challenges for the industry.",7.5,7.5,"I would rate this essay a 7.5. 

The essay effectively discusses the influence of artificial intelligence on decision-making processes in financial institutions by highlighting the benefits such as advanced data analysis and predictive capabilities, as well as the challenges including algorithmic biases and data privacy concerns. The essay is coherent, well-organized, and demonstrates a good understanding of the topic. Additionally, the grammar and depth of content are appropriate for the given topic."
1012,Explore the role of blockchain technology in enhancing transparency in supply chain management.,"Blockchain technology plays a crucial role in enhancing transparency in supply chain management by providing a secure and immutable ledger of transactions. By recording each step in the supply chain on a decentralized network, blockchain ensures that all stakeholders have access to real-time information about the movement of goods and materials. This transparency helps to prevent fraud, reduce errors, and increase trust among participants in the supply chain. Furthermore, the use of smart contracts in blockchain technology enables automated verification and execution of agreements, further streamlining and enhancing transparency in supply chain management.",8.0,7.5,"I would rate the essay a 7.5. It effectively explores the role of blockchain technology in enhancing transparency in supply chain management by discussing key points such as secure and immutable ledger, real-time information access, fraud prevention, and smart contracts' automation. However, the essay could be further enhanced by providing specific examples or case studies to illustrate the points made."
1013,Assess the contributions of quantum computing to advancements in cybersecurity measures.,"Quantum computing has the potential to revolutionize cybersecurity measures by offering increased computational power for encrypting data and cracking codes. With its ability to perform complex calculations at a much faster rate than traditional computers, quantum computing can enhance the security of sensitive information and thwart cyber threats. By leveraging principles of quantum mechanics such as superposition and entanglement, quantum computers can strengthen encryption protocols and develop more secure communication channels. Furthermore, quantum computing can also aid in the development of advanced algorithms to detect and prevent cyberattacks, ultimately bolstering cybersecurity defenses in an increasingly digital world.",8.0,7.5,"I would rate this essay a 8.5. It is well-written, directly addresses the topic, and provides a clear explanation of how quantum computing can contribute to advancements in cybersecurity measures. The essay is coherent, well-organized, and demonstrates a good understanding of the subject matter. Overall, it is concise and effectively conveys the significance of quantum computing in enhancing cybersecurity measures."
1014,Investigate the impact of urbanization on wildlife biodiversity and conservation efforts.,"Urbanization has a profound impact on wildlife biodiversity and conservation efforts. As cities expand, natural habitats are destroyed or fragmented, leading to loss of biodiversity and disruption of ecosystems. Urban areas also introduce pollution, habitat degradation, and increased human-wildlife conflicts. Conservation efforts are challenged by urban sprawl, requiring innovative strategies such as creating wildlife corridors, green spaces, and implementing regulations to protect wildlife. Collaborative efforts between urban planners, policymakers, and conservationists are crucial to mitigate the negative effects of urbanization on wildlife and promote coexistence between humans and wildlife in urban environments.","Based on the provided essay, I would score it a 7.0. 

The essay is quite relevant to the topic, clearly addressing the impact of urbanization on wildlife biodiversity and conservation efforts. It mentions key issues such as habitat destruction, pollution, and human-wildlife conflicts due to urban expansion. Additionally, it touches on the challenges faced by conservation efforts and suggests possible strategies like wildlife corridors and green spaces.

In terms of coherence and organization, the essay is well-structured, with a logical flow from the problems caused by urbanization to potential solutions.  However, it briefly mentions each point and could benefit from more in-depth examples and explanations to enhance the depth of content. The grammar is correct with no noticeable errors, contributing to overall clarity.

While the essay includes relevant content, it lacks detailed analysis and specific examples that would demonstrate a deeper understanding of the topic. Further elaboration on conservation strategies and specific successful case studies could significantly increase its depth.",8.0,"I would rate this essay a 7.5. It effectively addresses the topic of the impact of urbanization on wildlife biodiversity and conservation efforts. The essay is coherent, well-organized, and covers key points such as habitat destruction, pollution, human-wildlife conflicts, and conservation strategies. The language used is clear, and the depth of content is sufficient to demonstrate a good understanding of the subject."
1015,Examine the influence of mindfulness meditation on mental health and stress management.,"Mindfulness meditation has been proven to have a significant impact on mental health and stress management. By focusing on the present moment and cultivating self-awareness, individuals are better able to regulate their emotions, reduce anxiety, and improve overall well-being. Studies have shown that regular practice of mindfulness meditation can decrease symptoms of depression, enhance cognitive functions, and increase resilience to stress. Through mindfulness meditation, individuals can develop a greater sense of calm and inner peace, leading to improved mental health and better coping strategies for managing stress in daily life.",8.0,8.0,"I would rate this essay a 7.5. It is well-written, addresses the topic of mindfulness meditation's influence on mental health and stress management, and provides relevant information on the benefits of mindfulness meditation supported by studies. The essay is coherent, organized, and demonstrates a good level of depth in its content. Some minor improvements could be made in terms of expanding on specific examples or practical applications of mindfulness meditation in improving mental health and stress management."
1016,Analyze the role of ethical consumerism in promoting sustainable business practices.,"Ethical consumerism plays a crucial role in promoting sustainable business practices by influencing companies to prioritize social and environmental responsibility. When consumers choose to support businesses that adhere to ethical standards, they create a demand for sustainable products and services. This, in turn, encourages businesses to adopt environmentally friendly practices, reduce waste, and improve working conditions. By making conscious purchasing decisions, consumers hold businesses accountable for their actions and contribute to the overall shift towards a more sustainable economy. Ethical consumerism serves as a powerful tool in driving positive change and promoting long-term sustainability in the business world.",7.0,8.0,"Score: 8.5

The essay effectively analyzes the role of ethical consumerism in promoting sustainable business practices. It clearly articulates how ethical consumer choices can influence companies to prioritize social and environmental responsibility. The essay is well-organized, coherent, and demonstrates a good understanding of the topic. The grammar is strong, and the depth of content is sufficient to provide a solid evaluation of the relationship between ethical consumerism and sustainability."
1017,Explore the impact of digital transformation on the hospitality and tourism industry.,"The hospitality and tourism industry has undergone a significant transformation due to digital advancements. Digital technologies have revolutionized the way businesses in this sector operate, from online booking platforms to personalized marketing strategies. This shift has led to improved customer experiences, streamlined operations, and enhanced efficiency. With the rise of social media and online reviews, reputation management has become crucial for businesses to thrive in the digital age. Furthermore, data analytics and AI have enabled companies to better understand consumer behavior and tailor their services to meet customer expectations. Overall, digital transformation has reshaped the hospitality and tourism industry, paving the way for innovation and growth.",7.5,7.0,"I would rate this essay a 7.5. It effectively explores the impact of digital transformation on the hospitality and tourism industry by discussing various aspects such as online booking platforms, personalized marketing, reputation management, data analytics, and AI. The essay is coherent and well-organized, showcasing a strong understanding of the topic. The grammar is impeccable, and the depth of content is sufficient to provide a comprehensive overview of the subject matter."
1018,Discuss the impact of gender diversity in enhancing productivity within the tech industry.,"Gender diversity in the tech industry has a significant impact on enhancing productivity. By promoting a diverse workforce, companies can benefit from a wide range of perspectives, ideas, and approaches to problem-solving. This diversity can lead to increased innovation, better decision-making, and improved creativity within the organization. Additionally, gender diversity can help attract top talent and create a more inclusive and welcoming work environment, leading to higher employee satisfaction and retention rates. Overall, embracing gender diversity in the tech industry can result in a more productive and successful business.",7.0,7.0,"I would rate the essay a 8.5. The essay clearly discusses the impact of gender diversity on productivity in the tech industry, provides logical points, is well-organized, and demonstrates coherence. It effectively explains how diversity can lead to increased innovation, decision-making, creativity, talent attraction, and employee satisfaction. The grammar is also strong, with no noticeable errors that detract from the overall quality. The depth of content is substantial enough to cover the main aspects of the topic."
1019,Evaluate the role of marine conservation in preserving global biodiversity and ecosystems.,"Marine conservation plays a crucial role in preserving global biodiversity and ecosystems. The oceans are home to a vast array of species, many of which are threatened by human activities such as overfishing, pollution, and climate change. By protecting marine habitats and implementing sustainable fishing practices, we can help maintain the delicate balance of marine ecosystems. Conservation efforts not only safeguard the biodiversity of our oceans but also ensure the health of the entire planet, as marine ecosystems play a vital role in regulating the climate and providing essential services to humans. Prioritizing marine conservation is essential for the long-term health of our planet.",8.0,7.0,"I would rate this essay a 7.5. The essay effectively discusses the significance of marine conservation in preserving global biodiversity and ecosystems. It clearly outlines the threats to marine ecosystems and emphasizes the importance of protecting them. The essay maintains coherence and organization in presenting the main points. Grammar is sound, and the content is relatively deep, providing a good overview of the topic. Overall, it effectively addresses the essay prompt with a strong argument for the role of marine conservation in global biodiversity preservation."
1020,Analyze the implications of robotics in improving efficiency and productivity in the manufacturing industry.,"The integration of robotics in the manufacturing industry has revolutionized efficiency and productivity, leading to significant implications. Robots can perform repetitive tasks with precision and speed, reducing human error and increasing output. This results in improved production rates and higher quality products. Moreover, robots can operate 24/7, leading to continuous manufacturing processes without the need for breaks. Overall, the use of robotics in manufacturing not only enhances efficiency but also boosts productivity, enabling companies to meet increasing demands and stay competitive in the global market.",7.0,7.0,"I would rate this essay a 7.5. The essay clearly addresses the topic by analyzing the implications of robotics in improving efficiency and productivity in the manufacturing industry. It discusses how robots can enhance efficiency, increase productivity, reduce human error, and enable continuous manufacturing processes. The essay is coherent, well-organized, and demonstrates a good level of depth in discussing the potential benefits of robotics in manufacturing. However, to improve the score, the essay could provide more specific examples or data to support its points and explore potential challenges or limitations of robotics in manufacturing."
1021,Evaluate the role of music therapy in improving the mental health of individuals in clinical and community settings.,"Music therapy plays a significant role in improving the mental health of individuals in clinical and community settings. By incorporating music into therapy sessions, individuals can experience reduced anxiety, improved mood, enhanced emotional expression, and increased relaxation. Music therapy can also help individuals manage stress, improve communication skills, and enhance social interactions. In clinical settings, music therapy is utilized to support individuals with mental health conditions such as depression, anxiety, and PTSD. In community settings, music therapy programs can promote overall well-being and provide a creative outlet for self-expression. Overall, music therapy is a valuable tool in enhancing mental health outcomes for individuals in diverse settings.",7.5,7.0,"I would rate this essay a 7.5. It addresses the topic by discussing the role of music therapy in improving mental health in both clinical and community settings. The essay is coherent, well-organized, and presents a clear argument supported by relevant examples. The grammar and language use are good, and the depth of content is decent, providing a brief overview of how music therapy can benefit individuals in various ways. Overall, the essay effectively evaluates the role of music therapy in improving mental health."
1022,Examine the influence of urban farming on food security and sustainable city development.,"Urban farming plays a crucial role in enhancing food security and promoting sustainable city development. By cultivating crops and raising livestock within urban areas, cities can reduce their dependence on external food sources and increase access to fresh produce for residents. Additionally, urban farming helps to mitigate food deserts, improve local economies, and reduce carbon footprints by cutting down on transportation distances. Furthermore, integrating green spaces for farming in cities can enhance biodiversity and improve air quality. Overall, urban farming is a powerful tool for creating more resilient and sustainable urban environments that prioritize food security and environmental stewardship.",8.0,7.5,"Score: 8.5

Comments: The essay effectively examines the influence of urban farming on food security and sustainable city development. It covers key points such as reducing dependence on external food sources, mitigating food deserts, improving local economies, and enhancing biodiversity. The essay is coherent, well-organized, and demonstrates a good understanding of the topic. Some minor improvements could be made in providing specific examples or data to further support the points made. Overall, it presents a strong argument in favor of urban farming's positive impacts on cities."
1023,Discuss the impact of nanotechnology on the future of healthcare diagnostics and treatments.,"Nanotechnology has revolutionized healthcare by offering advanced diagnostic and treatment options. Nanoparticles can detect diseases at an early stage with higher sensitivity and accuracy, leading to timely interventions and improved patient outcomes. Additionally, nanotechnology enables targeted drug delivery, minimizing side effects and enhancing treatment effectiveness. With the ability to manipulate materials at the nanoscale, nanotechnology holds immense potential for personalized medicine and tailored therapies. As research in this field continues to advance, the future of healthcare diagnostics and treatments looks promising, with nanotechnology playing a pivotal role in shaping a more efficient and effective healthcare system.",7.5,8.0,"I would rate this essay a 7.5 out of 9.0. The essay effectively discusses the impact of nanotechnology on the future of healthcare diagnostics and treatments by highlighting the benefits of nanoparticles in early disease detection and targeted drug delivery. The content is relevant to the topic and presents a clear argument supported by examples. The essay is well-organized, coherent, and demonstrates a good understanding of the subject matter. The grammar is strong, and the depth of content is sufficient. Overall, it is a well-written and informative essay on the topic."
1024,Assess the influence of digital storytelling on the promotion and preservation of cultural heritage.,"Digital storytelling has significantly impacted the promotion and preservation of cultural heritage. Through multimedia platforms, cultural narratives and traditions are shared globally, reaching a wider audience than ever before. Digital storytelling allows for interactive and engaging experiences that make cultural heritage more accessible and relatable to diverse audiences. Furthermore, digital technologies enable the preservation of cultural artifacts, languages, and customs in a digital format, safeguarding them for future generations. Overall, the influence of digital storytelling on cultural heritage is profound, bridging gaps between different cultures and ensuring the continued appreciation and understanding of our collective heritage.",8.0,7.0,"I would rate this essay a 8.5 out of 9.0. 

The essay effectively addresses the topic by discussing the influence of digital storytelling on the promotion and preservation of cultural heritage. It provides a clear thesis statement in the introduction, supports it with relevant points in the body paragraphs, and concludes with a summary of its impact. The essay is well-organized, coherent, and maintains a consistent focus on the topic throughout.

Additionally, the essay demonstrates a good understanding of the subject matter by highlighting how digital storytelling facilitates the sharing of cultural narratives, traditions, and artifacts globally. It also acknowledges the role of digital technologies in preserving cultural heritage for future generations.

Grammar and language use are strong, with clear and concise writing that enhances the overall quality of the essay. The depth of content is sufficient to convey a comprehensive understanding of the topic without being overly repetitive or shallow.

Overall, this essay effectively evaluates the influence of digital storytelling on cultural heritage promotion and preservation, making it a strong and insightful piece on the topic."
1025,Investigate the effects of climate change on the migration patterns of birds.,"Climate change is significantly impacting the migration patterns of birds worldwide. As temperatures rise and weather patterns become more unpredictable, many bird species are altering their traditional migration routes and timings. Some birds are arriving at their breeding grounds earlier or later than usual, while others are shifting their ranges to higher latitudes in search of suitable habitats. These changes in migration patterns can disrupt ecosystems and have cascading effects on food availability and species interactions. Understanding and monitoring these effects are crucial for conservation efforts to protect bird populations in the face of climate change.",8.0,8.0,"I would rate this essay a 7.5 out of 9.0. The essay is highly relevant to the topic, discussing the impacts of climate change on bird migration patterns in a clear and concise manner. It effectively addresses how rising temperatures and unpredictable weather are causing birds to alter their traditional routes and timings. The essay also highlights the importance of understanding these changes for conservation efforts. The organization and coherence of the essay are strong, with a clear introduction, body, and conclusion. The grammar and depth of content are also well-executed. Overall, this essay provides a solid analysis of the effects of climate change on bird migration patterns."
